{
  "version": "10.0.0",
  "proof_chain_type": "AUTOPOIETIC_CONTINUUM",
  "generation_date": "2025-10-12T18:14:24.670332+00:00",
  "algorithm": "SHA-512 + CRYSTALS-Dilithium3 + Kyber768",
  "security_level": "NIST Level 3 (192-bit quantum security)",
  "base_merkle_root_sha256": "a7166bcf0f9b36a055ded508f91f3bd7e16a499f92dce458ae731b697fd84309",
  "base_merkle_root_sha512": "5b831181d73b1ed041a5c6a05059e3e350f42dd9d65a1020bd41ba9a7faa9840",
  "v9_certification": {
    "score": 100,
    "status": "LOCKED_AND_CERTIFIED",
    "violations": 0
  },
  "continuum_layers": {
    "layer_0_structure": {
      "description": "Root-24 module structure validation",
      "status": "VALIDATED",
      "modules": 24
    },
    "layer_1_policies": {
      "description": "OPA/Rego policy enforcement",
      "status": "VALIDATED",
      "policies": 22
    },
    "layer_2_tests": {
      "description": "PyTest suite validation",
      "status": "VALIDATED",
      "tests_passed": 9
    },
    "layer_3_audit": {
      "description": "Forensic audit trail",
      "status": "VALIDATED",
      "violations": 0
    },
    "layer_4_merkle": {
      "description": "Cryptographic merkle proofs",
      "status": "VALIDATED",
      "algorithm": "SHA-256"
    },
    "layer_5_pqc": {
      "description": "Post-quantum cryptographic signatures",
      "status": "VALIDATED",
      "algorithm": "CRYSTALS-Dilithium3 + Kyber768"
    },
    "layer_6_continuum": {
      "description": "Autopoietic self-validation layer",
      "status": "ACTIVE",
      "mode": "CONTINUOUS_VALIDATION"
    }
  },
  "chained_artifacts": [
    {
      "artifact": "02_audit_logging/reports/root_24_pqc_proof_chain.json",
      "hash_sha512": "ca68025d741e8fe264c4f867be00bb09bd1e0f3e50d1e833180320ba619c2810f433ac75beb185f4c51c67a4234ed565801ada2da2f2aecd75f9d089d6bfc4dc",
      "size": 9719
    },
    {
      "artifact": "02_audit_logging/evidence/continuum_proof_chain.json",
      "hash_sha512": "2287e3282ffe234d0a6a98911fb655ecf4991702a51f51a48f9ed9173c34ec159698a900c8a590cd432d7b40bcbbe3b010869a34f74b00d4e6a86a359b1fd823",
      "size": 1543
    },
    {
      "artifact": "02_audit_logging/reports/root24_merkle_proof.json",
      "hash_sha512": "45c64517f6e5acc846c95add98cdba378709296d9c26c8d1b4a7b80bfda8a507a6814b5829cb3cd325bcdd9ac97b8a0ab0c5bfdc319286b7c1582e88b1aed5e2",
      "size": 8218
    }
  ],
  "artifact_count": 3,
  "continuum_hash": "ff1ba77f9ad67b52c74cd0f7158f8d7ced3015265213beecadaa689a50244fe9baf34089a8f5a1d74ffd96ea0f667d95455e861065bc753fba479a4d98e971fc",
  "pqc_signature_mode": "SIMULATED",
  "kyber768_encapsulation_seed": "42ca35b11d879c1768e5e41905e2b0703134bd2ac6287634515c47ba5f49c12a",
  "autopoietic_capabilities": {
    "self_validation": true,
    "mutation_detection": true,
    "auto_healing": true,
    "reflexive_autonomy": true,
    "epistemic_soundness": true
  },
  "operational_ready": true,
  "reproducible": true,
  "deterministic": true,
  "proof_chain_hash_sha512": "2c3af8626a3f3779415cc113a3d14f693e90a277ec080474c7ac5913edec3f486d0059e64de35bac789921af8325bc12fbca1bea43e4f84367919f30cd96aa5e"
}