{
  "version": "12.0.0",
  "topology_type": "INTERFEDERATED_PROOF_NEXUS",
  "creation_date": "2025-10-12T18:32:13.927705+00:00",
  "discovered_systems": 4,
  "systems": {
    "SSID": {
      "id": "SSID-Root-24-v12",
      "version": "12.0.0",
      "type": "PRIMARY_AUTOPOIETIC_SYSTEM",
      "status": "CONTINUUM_ACTIVE",
      "root_modules": 24,
      "merkle_root_sha256": "a7166bcf0f9b36a055ded508f91f3bd7e16a499f92dce458ae731b697fd84309",
      "merkle_root_sha512": "5b831181d73b1ed041a5c6a05059e3e350f42dd9d65a1020bd41ba9a7faa9840",
      "pqc_framework": "CRYSTALS-Dilithium3 + Kyber768",
      "capabilities": [
        "autopoietic",
        "epistemic",
        "reflexive",
        "interfederated"
      ],
      "certification_history": [
        "v9.0:100/100",
        "v10.0:100/100",
        "v11.0:100/100"
      ],
      "proof_chain_depth": 7,
      "sot_validated": true
    },
    "OpenCore": {
      "id": "OpenCore-Meta-v3",
      "version": "3.0.0",
      "type": "FEDERATED_GOVERNANCE_SYSTEM",
      "status": "ACTIVE",
      "merkle_root_sha256": "8fcd3f75fdd29d3dec7ffe29cfe8a63c1d7ba8a9acb4f2326abff33236318292",
      "merkle_root_blake3": "90a6fa4f6f4081204e7bb9771ebf70b09f231c4db41a0216604fc88cd10eb4ff",
      "pqc_framework": "CRYSTALS-Dilithium3",
      "capabilities": [
        "governance",
        "transparency",
        "audit",
        "policy_enforcement"
      ],
      "trust_level": "VERIFIED",
      "sot_validated": true,
      "ontology_compatibility": 0.95
    },
    "GovChain": {
      "id": "GovChain-Public-v2",
      "version": "2.0.0",
      "type": "GOVERNMENT_BLOCKCHAIN_NETWORK",
      "status": "ACTIVE",
      "merkle_root_sha256": "6b76299e77fd37d1ef3779b180b846ee13005f2fb6002a3973e6f2a1236a5cc2",
      "merkle_root_blake3": "f04bf57ba8373600a87fb094a46bf15b7fc93c127e7e348938f731db4d8924b1",
      "pqc_framework": "CRYSTALS-Dilithium3 + Kyber768",
      "capabilities": [
        "regulatory",
        "identity",
        "compliance",
        "legal_registry"
      ],
      "trust_level": "VERIFIED",
      "sot_validated": true,
      "ontology_compatibility": 0.92
    },
    "TrustNet": {
      "id": "TrustNet-Federation-v4",
      "version": "4.0.0",
      "type": "DECENTRALIZED_TRUST_NETWORK",
      "status": "ACTIVE",
      "merkle_root_sha256": "929673eb5ac9f9869ebe75e99f71a32ba6686aecebf38e4ffd9e89038024ea09",
      "merkle_root_blake3": "c4c416e47c632be67fbb1df285f0a0c93f57268201a7da5f03f62466d95e91fb",
      "pqc_framework": "Kyber768 + Falcon-512",
      "capabilities": [
        "trust_scoring",
        "reputation",
        "verification",
        "attestation"
      ],
      "trust_level": "VERIFIED",
      "sot_validated": true,
      "ontology_compatibility": 0.97
    }
  },
  "network_topology": {
    "type": "FULLY_CONNECTED_MESH",
    "nodes": 4,
    "edges": 12,
    "bidirectional": true,
    "connectivity": 1.0
  },
  "cross_proof_relationships": [
    {
      "from": "SSID",
      "to": "OpenCore",
      "type": "MUTUAL_MERKLE_VALIDATION",
      "strength": 0.95
    },
    {
      "from": "SSID",
      "to": "GovChain",
      "type": "MUTUAL_MERKLE_VALIDATION",
      "strength": 0.92
    },
    {
      "from": "SSID",
      "to": "TrustNet",
      "type": "MUTUAL_MERKLE_VALIDATION",
      "strength": 0.97
    },
    {
      "from": "OpenCore",
      "to": "SSID",
      "type": "MUTUAL_MERKLE_VALIDATION",
      "strength": 0.95
    },
    {
      "from": "OpenCore",
      "to": "GovChain",
      "type": "CROSS_SYSTEM_PROOF",
      "strength": 0.88
    },
    {
      "from": "OpenCore",
      "to": "TrustNet",
      "type": "CROSS_SYSTEM_PROOF",
      "strength": 0.9
    },
    {
      "from": "GovChain",
      "to": "SSID",
      "type": "MUTUAL_MERKLE_VALIDATION",
      "strength": 0.92
    },
    {
      "from": "GovChain",
      "to": "OpenCore",
      "type": "CROSS_SYSTEM_PROOF",
      "strength": 0.88
    },
    {
      "from": "GovChain",
      "to": "TrustNet",
      "type": "CROSS_SYSTEM_PROOF",
      "strength": 0.91
    },
    {
      "from": "TrustNet",
      "to": "SSID",
      "type": "MUTUAL_MERKLE_VALIDATION",
      "strength": 0.97
    },
    {
      "from": "TrustNet",
      "to": "OpenCore",
      "type": "CROSS_SYSTEM_PROOF",
      "strength": 0.9
    },
    {
      "from": "TrustNet",
      "to": "GovChain",
      "type": "CROSS_SYSTEM_PROOF",
      "strength": 0.91
    }
  ],
  "multi_merkle_federation": {
    "enabled": true,
    "algorithms": [
      "SHA-512",
      "BLAKE3"
    ],
    "cross_sign_protocol": "PQC-HYBRID-FEDERATION",
    "federation_root_computed": false
  },
  "planetary_synchronization": {
    "enabled": true,
    "sync_frequency": "real-time",
    "consensus_model": "BYZANTINE_FAULT_TOLERANT",
    "minimum_participants": 3
  },
  "status": "TOPOLOGY_INITIALIZED"
}