{
  "$schema": "https://json-schema.org/draft/2020-12/schema",
  "$id": "https://ssid.example/schemas/government_document.json",
  "title": "Ämter, Anträge Document",
  "description": "Schema for government documents in SSID system",
  "type": "object",
  "required": ["id", "data_hash"],
  "properties": {
    "id": {
      "type": "string",
      "format": "uuid",
      "description": "Unique document identifier"
    },
    "data_hash": {
      "$ref": "#/$defs/Hash",
      "description": "SHA3-256 hash of document content"
    },
    "metadata_hash": {
      "$ref": "#/$defs/Hash",
      "description": "SHA3-256 hash of metadata"
    },
    "created_at": {
      "type": "string",
      "format": "date-time",
      "description": "Document creation timestamp"
    },
    "updated_at": {
      "type": "string",
      "format": "date-time",
      "description": "Last update timestamp"
    },
    "version": {
      "type": "integer",
      "minimum": 1,
      "description": "Document version number"
    }
  },
  "additionalProperties": false,
  "$defs": {
    "Hash": {
      "type": "string",
      "pattern": "^[a-f0-9]{64}$",
      "minLength": 64,
      "maxLength": 64,
      "description": "SHA3-256 hash (64 hex characters)"
    }
  },
  "examples": [
    {
      "id": "550e8400-e29b-41d4-a716-446655440000",
      "data_hash": "1a351be690d0c9796b02b1b7cfb7c9fee994490b17badfef07784a0a2c3b1dff",
      "metadata_hash": "ebfc5e5e8e68a44292370e9e29cbd8a1002231e89468ea1eb5c10eec4c1a4bb7",
      "created_at": "2025-10-05T15:29:16.202995Z",
      "updated_at": "2025-10-05T15:29:16.202995Z",
      "version": 1
    }
  ]
}
