{
  "registry_version": "9.0.0",
  "entry_type": "ROOT_24_FINAL_CERTIFICATION",
  "certification_date": "2025-10-12T18:05:56Z",
  "system_id": "SSID-Root-24-LOCK-v9",
  "merkle_root": "a7166bcf0f9b36a055ded508f91f3bd7e16a499f92dce458ae731b697fd84309",
  "pqc_signature_hash": "5b831181d73b1ed041a5c6a05059e3e350f42dd9d65a1020bd41ba9a7faa9840",
  "status": "LOCKED_AND_CERTIFIED",
  "final_score": 100,
  "violations": 0,
  "modules_validated": 24,
  "framework": "Root-24-LOCK v1.0 + SoT v1.1.1",
  "reproducible": true,
  "deterministic": true,
  "registry_seal": "SSID-v9.0-ROOT-24-LOCK-FINAL-CERTIFICATION",
  "next_review_date": "2026-01-12",
  "artifacts": [
    "23_compliance/reports/root_24_certification_summary.md",
    "02_audit_logging/reports/root_24_audit_log.yaml",
    "11_test_simulation/results/root_24_score.json",
    "02_audit_logging/evidence/root_24_certification_proof.json",
    "02_audit_logging/reports/root_24_pqc_proof_chain.json"
  ]
}