{
  "manifest_version": "1.0.0",
  "blueprint_version": "v4.4.0",
  "timestamp": "2025-10-11T20:03:58.421609+00:00",
  "validation_type": "readiness_compliance_matrix",
  "components": {
    "root24_lock": {
      "name": "Root-24-LOCK Verification",
      "status": "PASS",
      "score": 100,
      "details": "24/24 roots verified"
    },
    "policy_compiler": {
      "name": "Policy Compiler",
      "status": "SUCCESS",
      "score": 100,
      "details": "0 policies compiled"
    },
    "evidence_proof_emitter": {
      "name": "Evidence Proof Emitter",
      "status": "SUCCESS",
      "score": 100,
      "details": "26 files processed"
    },
    "review_flow_manager": {
      "name": "Review Flow Manager",
      "status": "SUCCESS",
      "score": 100,
      "details": "Quarterly check operational"
    },
    "telemetry": {
      "name": "Governance Telemetry",
      "status": "PASS",
      "score": 95,
      "details": "Operational with minor CSV path issue"
    },
    "ipfs_anchoring": {
      "name": "IPFS Anchoring",
      "status": "PASS",
      "score": 100,
      "details": "Verification script operational"
    },
    "registry_events": {
      "name": "Registry Event System",
      "status": "PASS",
      "score": 100,
      "details": "Event emitted successfully"
    },
    "federation": {
      "name": "Federation Connectivity",
      "status": "PASS",
      "score": 100,
      "details": "Disabled (expected)"
    }
  },
  "overall_score": 99.375,
  "overall_status": "PASS",
  "summary": {
    "total_components": 8,
    "components_passed": 8,
    "components_failed": 0,
    "compliance_percentage": 99.38
  }
}