{
  "manifest_version": "1.0.0",
  "blueprint_version": "v4.4.0",
  "timestamp": "2025-10-11T19:53:34.208420+00:00",
  "scan_type": "root24_integrity_verification",
  "root_directories": {
    "expected": 24,
    "found": 24,
    "status": "PASS"
  },
  "directories": [
    {
      "name": "01_ai_layer",
      "exists": true,
      "status": "VERIFIED"
    },
    {
      "name": "02_audit_logging",
      "exists": true,
      "status": "VERIFIED"
    },
    {
      "name": "03_core",
      "exists": true,
      "status": "VERIFIED"
    },
    {
      "name": "04_deployment",
      "exists": true,
      "status": "VERIFIED"
    },
    {
      "name": "05_documentation",
      "exists": true,
      "status": "VERIFIED"
    },
    {
      "name": "06_data_pipeline",
      "exists": true,
      "status": "VERIFIED"
    },
    {
      "name": "07_governance_legal",
      "exists": true,
      "status": "VERIFIED"
    },
    {
      "name": "08_identity_score",
      "exists": true,
      "status": "VERIFIED"
    },
    {
      "name": "09_meta_identity",
      "exists": true,
      "status": "VERIFIED"
    },
    {
      "name": "10_interoperability",
      "exists": true,
      "status": "VERIFIED"
    },
    {
      "name": "11_test_simulation",
      "exists": true,
      "status": "VERIFIED"
    },
    {
      "name": "12_tooling",
      "exists": true,
      "status": "VERIFIED"
    },
    {
      "name": "13_ui_layer",
      "exists": true,
      "status": "VERIFIED"
    },
    {
      "name": "14_zero_time_auth",
      "exists": true,
      "status": "VERIFIED"
    },
    {
      "name": "15_infra",
      "exists": true,
      "status": "VERIFIED"
    },
    {
      "name": "16_codex",
      "exists": true,
      "status": "VERIFIED"
    },
    {
      "name": "17_observability",
      "exists": true,
      "status": "VERIFIED"
    },
    {
      "name": "18_data_layer",
      "exists": true,
      "status": "VERIFIED"
    },
    {
      "name": "19_adapters",
      "exists": true,
      "status": "VERIFIED"
    },
    {
      "name": "20_foundation",
      "exists": true,
      "status": "VERIFIED"
    },
    {
      "name": "21_post_quantum_crypto",
      "exists": true,
      "status": "VERIFIED"
    },
    {
      "name": "22_datasets",
      "exists": true,
      "status": "VERIFIED"
    },
    {
      "name": "23_compliance",
      "exists": true,
      "status": "VERIFIED"
    },
    {
      "name": "24_meta_orchestration",
      "exists": true,
      "status": "VERIFIED"
    }
  ],
  "integrity_checksums": {
    "file": "24_meta_orchestration\\registry\\manifests\\integrity_checksums.json",
    "artifacts_verified": 2,
    "status": "VERIFIED"
  }
}