{
  "status": "Locked & Certified",
  "version": "v9.0-readiness",
  "final_score": 100,
  "mode": "Dormant",
  "proof": "verified",
  "validation_date": "2025-10-12T18:32:58.392025",
  "merkle_root": "a7166bcf0f9b36a055ded508f91f3bd7e16a499f92dce458ae731b697fd84309",
  "violations": 0,
  "categories": {
    "architecture": 20.0,
    "security": 25.0,
    "privacy": 25.0,
    "testing": 15.0,
    "documentation": 15.0
  },
  "certification_authority": "Root-24-LOCK Certification Framework v1.0",
  "reproducible": true,
  "deterministic": true,
  "cost_usd": 0.0
}