{
  "$schema": "https://json-schema.org/draft/2020-12/schema",
  "$id": "https://ssid.example/schemas/employment_document.json",
  "title": "Arbeitsverträge Document",
  "description": "Schema for employment documents in SSID system",
  "type": "object",
  "required": ["id", "data_hash"],
  "properties": {
    "id": {
      "type": "string",
      "format": "uuid",
      "description": "Unique document identifier"
    },
    "data_hash": {
      "$ref": "#/$defs/Hash",
      "description": "SHA3-256 hash of document content"
    },
    "metadata_hash": {
      "$ref": "#/$defs/Hash",
      "description": "SHA3-256 hash of metadata"
    },
    "created_at": {
      "type": "string",
      "format": "date-time",
      "description": "Document creation timestamp"
    },
    "updated_at": {
      "type": "string",
      "format": "date-time",
      "description": "Last update timestamp"
    },
    "version": {
      "type": "integer",
      "minimum": 1,
      "description": "Document version number"
    }
  },
  "additionalProperties": false,
  "$defs": {
    "Hash": {
      "type": "string",
      "pattern": "^[a-f0-9]{64}$",
      "minLength": 64,
      "maxLength": 64,
      "description": "SHA3-256 hash (64 hex characters)"
    }
  },
  "examples": [
    {
      "id": "550e8400-e29b-41d4-a716-446655440000",
      "data_hash": "16c2a892dff0a0b1c67d5b04748fa1d59f66859fe918b575b04f294f6ad343ba",
      "metadata_hash": "823579a5562694e2acfd124d8f79527c18f2d25291c35aa17da45c0b89dc0aae",
      "created_at": "2025-10-05T15:29:16.202995Z",
      "updated_at": "2025-10-05T15:29:16.202995Z",
      "version": 1
    }
  ]
}
