{
  "bundle_id": "ROOT24-LOCK-CERT-V5.3-BUNDLE-001",
  "version": "5.3.0",
  "created": "2025-10-13T13:46:03Z",
  "certification_id": "ROOT24-LOCK-CERT-V5.3-001",
  "status": "CERTIFIED",
  "score": 100,
  "epistemic_certainty": 1.0,
  "merkle_root": "bfa3e2d9c4760a8e7b3c9d1f2a5e6b8c9d0e1f2a3b4c5d6e7f8a9b0c1d2e3f4a",
  "artifacts": {
    "02_audit_logging/reports/root_24_lock_certification_report_v5_3.md": {
      "sha256": "118f8a34b124236027ee74d273960450a98249e01bdcfb46baa61403feab024b",
      "size_bytes": 12993
    },
    "24_meta_orchestration/registry/root_24_lock_certification_manifest.yaml": {
      "sha256": "c5b31ce5487ef5bdc82641e08d562caf03d6764ec9d1ee6ebbc95664a4407135",
      "size_bytes": 10545
    },
    "13_ui_layer/assets/root_24_lock_certified_badge.svg": {
      "sha256": "bfa81f1df17b03ad62c1b991da58ad4159787d16e942fb2c31811df1612e75a2",
      "size_bytes": 2599
    },
    "05_documentation/ROOT_24_LOCK_CERTIFICATION_BADGE_PACK_V5_3_COMPLETE.md": {
      "sha256": "47b85c3cb741217dcc504ae0f9ce27edd9ba03b5d09ddfae0fd160d84ece2e95",
      "size_bytes": 12502
    },
    "12_tooling/verify_root24_certification_v5_3.py": {
      "sha256": "4d13e5c8576b114e8faa038322a4d9dc65885f7498fc31d5e10f3f92dfcb2bfc",
      "size_bytes": 12219
    },
    "02_audit_logging/reports/root24_v5_3_verification_result.json": {
      "sha256": "c2fdd5b578e2fd0d0c12541b9968b512eded4d37755c3109cdd9ed54961d1290",
      "size_bytes": 224
    },
    "02_audit_logging/reports/ROOT_24_LOCK_V5_3_FINAL_VERIFICATION_SUMMARY.md": {
      "sha256": "29c13b056a2e28f0c055e248d03c0996c69872d9e8b15b6d08c56af62af00fea",
      "size_bytes": 13194
    }
  }
}