{
  "$schema": "https://json-schema.org/draft/2020-12/schema",
  "$id": "https://ssid.example/schemas/documents_document.json",
  "title": "Urkunden, Zertifikate Document",
  "description": "Schema for documents documents in SSID system",
  "type": "object",
  "required": ["id", "data_hash"],
  "properties": {
    "id": {
      "type": "string",
      "format": "uuid",
      "description": "Unique document identifier"
    },
    "data_hash": {
      "$ref": "#/$defs/Hash",
      "description": "SHA3-256 hash of document content"
    },
    "metadata_hash": {
      "$ref": "#/$defs/Hash",
      "description": "SHA3-256 hash of metadata"
    },
    "created_at": {
      "type": "string",
      "format": "date-time",
      "description": "Document creation timestamp"
    },
    "updated_at": {
      "type": "string",
      "format": "date-time",
      "description": "Last update timestamp"
    },
    "version": {
      "type": "integer",
      "minimum": 1,
      "description": "Document version number"
    }
  },
  "additionalProperties": false,
  "$defs": {
    "Hash": {
      "type": "string",
      "pattern": "^[a-f0-9]{64}$",
      "minLength": 64,
      "maxLength": 64,
      "description": "SHA3-256 hash (64 hex characters)"
    }
  },
  "examples": [
    {
      "id": "550e8400-e29b-41d4-a716-446655440000",
      "data_hash": "ae186de2e1ed6575beb7b20c0ceeff2cb99b3cfd46cdc56b35053d4917c1fe89",
      "metadata_hash": "c087397a3be1885068d9b51b87ebf6ec777118eda048fc0c173c34480ded54c7",
      "created_at": "2025-10-05T15:29:16.202995Z",
      "updated_at": "2025-10-05T15:29:16.202995Z",
      "version": 1
    }
  ]
}
