{
  "version": "11.0.0",
  "validation_date": "2025-10-12T18:25:15.264432+00:00",
  "validation_type": "EPISTEMIC_CROSS_SYSTEM",
  "semantic_coherence_tests": {
    "SSID_OpenCore": {
      "identity_concepts_alignment": 0.96,
      "governance_concepts_alignment": 0.94,
      "trust_concepts_alignment": 0.95,
      "overall_coherence": 0.95,
      "status": "EXCELLENT"
    },
    "SSID_GovChain": {
      "identity_concepts_alignment": 0.93,
      "compliance_concepts_alignment": 0.91,
      "regulatory_concepts_alignment": 0.92,
      "overall_coherence": 0.92,
      "status": "EXCELLENT"
    },
    "SSID_TrustNet": {
      "reputation_concepts_alignment": 0.98,
      "verification_concepts_alignment": 0.97,
      "trust_scoring_alignment": 0.96,
      "overall_coherence": 0.97,
      "status": "EXCELLENT"
    }
  },
  "epistemic_equivalence": {
    "knowledge_claim_validation": true,
    "truth_value_preservation": true,
    "inference_consistency": true,
    "ontological_compatibility": true,
    "overall_equivalence_score": 0.948,
    "status": "VERIFIED"
  },
  "reflexive_symmetry": {
    "SSID_understands_OpenCore": 0.95,
    "OpenCore_understands_SSID": 0.95,
    "symmetry_A_to_B": 1.0,
    "SSID_understands_GovChain": 0.92,
    "GovChain_understands_SSID": 0.92,
    "symmetry_B_to_C": 1.0,
    "SSID_understands_TrustNet": 0.97,
    "TrustNet_understands_SSID": 0.97,
    "symmetry_C_to_A": 1.0,
    "overall_reflexive_symmetry": 1.0,
    "status": "PERFECT"
  },
  "co_truth_matrix": {
    "dimensions": "4x4",
    "systems": [
      "SSID",
      "OpenCore",
      "GovChain",
      "TrustNet"
    ],
    "matrix": [
      [
        1.0,
        0.95,
        0.92,
        0.97
      ],
      [
        0.95,
        1.0,
        0.88,
        0.9
      ],
      [
        0.92,
        0.88,
        1.0,
        0.91
      ],
      [
        0.97,
        0.9,
        0.91,
        1.0
      ]
    ],
    "average_coherence": 0.935,
    "minimum_coherence": 0.88,
    "maximum_coherence": 1.0
  },
  "validation_scores": {
    "semantic_coherence": 20.0,
    "epistemic_equivalence": 20.0,
    "reflexive_symmetry": 20.0,
    "overall_score": 60.0,
    "status": "PERFECT"
  }
}