{
  "registry_version": "10.0.0",
  "entry_type": "CONTINUUM_TRANSITION_CERTIFICATION",
  "certification_date": "2025-10-12T18:18:08.888791+00:00",
  "system_id": "SSID-Root-24-Continuum-v10",
  "transition": {
    "from": "9.0.0",
    "to": "10.0.0",
    "type": "AUTOPOIETIC_CONTINUUM"
  },
  "merkle_roots": {
    "sha256": "a7166bcf0f9b36a055ded508f91f3bd7e16a499f92dce458ae731b697fd84309",
    "sha512": "5b831181d73b1ed041a5c6a05059e3e350f42dd9d65a1020bd41ba9a7faa9840"
  },
  "status": "CONTINUUM_ACTIVE",
  "final_score": 100,
  "violations": 0,
  "modules_validated": 24,
  "framework": "Root-24-LOCK Continuum v10.0",
  "capabilities": {
    "autopoietic": true,
    "self_healing": true,
    "epistemic": true,
    "reflexive": true
  },
  "reproducible": true,
  "deterministic": true,
  "registry_seal": "SSID-v10.0-ROOT-24-CONTINUUM-TRANSITION-CERTIFIED",
  "next_review_date": "2026-04-12",
  "artifacts": [
    "23_compliance/reports/continuum_transition_report.md",
    "02_audit_logging/reports/continuum_audit_log.yaml",
    "23_compliance/registry/continuum_registry_entry.json",
    "11_test_simulation/results/continuum_score.json",
    "02_audit_logging/evidence/continuum_proof_chain_v10.json"
  ]
}