{
  "algorithm": "SHA-512",
  "artifact_count": 5,
  "proof_hashes": [
    {
      "artifact": "02_audit_logging/reports/root_24_chain_of_custody.json",
      "hash": "fba30f00c362c904fd4e334d8d4d7cc3916e6c35cadbc483edb65b901ce6c7dc44146235cd7e2fe20804244d65ebc3f71243b28897f0f9ad98596b3fb15cf514",
      "size": 3081
    },
    {
      "artifact": "02_audit_logging/reports/root_24_pqc_proof_chain.json",
      "hash": "d8cb2cb12275f4d7411410c1f0d3f9ee29a9e3760b730505d1e15d69bbd431c0da4d700d40da5428ed66d65922036f6d1c53c9f35b0583d8f612f0538829b7a0",
      "size": 9742
    },
    {
      "artifact": "02_audit_logging/reports/knowledge_pqc_chain.json",
      "hash": "cc7cd1e989c963a3d414ffcda593a6a304d34b2f0779c356af2b0e1fb6f6fa90f88cb25c424c55e874b3f09b98f02327bf9ceb4e464a455dbed18d68d6b91180",
      "size": 1535
    },
    {
      "artifact": "23_compliance/registry/v11_interfederation_spec_seal.json",
      "hash": "dbeffa1ff50a75c829d304e176f3ba37f167deefc774cf6a667136718c2b3561486c54af095d5acd0062eb5159d5c6d39e328c4e977e0cc8e4f85d5d8111a0d4",
      "size": 1465
    },
    {
      "artifact": "23_compliance/registry/meta_continuum_registry_entry.json",
      "hash": "88da54c08e1b6e76eea23bbe09c34e58c5c06da5e33590a0149a8ea677b0f32ce1862fbf1009507f8257475970792627721f30124a15c5671937d6a564824c9a",
      "size": 628
    }
  ],
  "proof_chain_hash": "00b6e7ec5637e913fedfd138b5a8e6eccd41c22ac9393e0001f31eae6d3a95223afed94f2ccf28e0cf1cdc876197f3d72f490f808da5cef72a4c7583c670667d",
  "timestamp": "2025-10-12T19:59:13.585680"
}