{
  "proof_version": "9.0.0",
  "proof_type": "ROOT_24_FINAL_CERTIFICATION",
  "generation_date": "2025-10-12T18:05:56Z",
  "merkle_root_sha256": "a7166bcf0f9b36a055ded508f91f3bd7e16a499f92dce458ae731b697fd84309",
  "merkle_root_sha512": "5b831181d73b1ed041a5c6a05059e3e350f42dd9d65a1020bd41ba9a7faa9840",
  "pqc_algorithm": "CRYSTALS-Dilithium3 + Kyber768",
  "security_level": "NIST Level 3 (192-bit quantum)",
  "data_hash_sha512": "ede1671d50a86462ab7cc966c651784a8bff9938f8febb62ebffbc080c5c9037dda030f1d9a06cc04d4eac2416af2d7492cb7a441edde650d2741be7cdbb231f",
  "dilithium3_signature_reference": "See 02_audit_logging/reports/root_24_pqc_proof_chain.json",
  "kyber768_shared_secret": "491d2042932db87032245b70d461095bfe5dd3ba3c0b88584086cacc01dfd1ee",
  "modules_validated": 24,
  "violations": 0,
  "final_score": 100,
  "status": "CERTIFIED_PERFECT",
  "chain_of_custody_verified": true,
  "reproducible": true,
  "deterministic": true,
  "certification_seal": "SSID-v9.0-ROOT-24-LOCK-FINAL-CERTIFICATION"
}