{
  "version": "11.0.0",
  "certification_date": "2025-10-12T19:51:18.111706",
  "mode": "READINESS_CERTIFICATION",
  "ssid_readiness_score": 100.0,
  "interfederation_score": 0,
  "overall_status": "CONDITIONAL",
  "merkle_root": "30dae279b6375f43fc01f2082c24b47d0010d37bbfee3740e3d8c7b90ee5ce253fb33f7ed61c4c3afc0d821521b2c164ce79855254bd6955f7795213d00cddf9",
  "meta_continuum_hash": "f6103db08da17c45280dbba309990d20213baa4e2ea69f0ed8d7837f8fd35c25b36af70306c535049e82b30980413480cb0605864e91907633521dc73bd8ca1c",
  "execution_blocked": true,
  "reason_blocked": "Second system missing (SSID-open-core empty)"
}