{
  "version": "11.0.0",
  "framework": "Meta-Continuum Interfederation",
  "mode": "SPEC_ONLY",
  "status": "SPECIFICATION_SEALED",
  "timestamp": "2025-10-12T19:44:11.556680",
  "system_user": "bibel",
  "author": "edubrainboost",
  "spec_readiness": {
    "overall_score": 100.0,
    "policy_templates": 100,
    "schema_validity": 100,
    "spec_completeness": 100,
    "tooling_stubs": 100,
    "status": "COMPLETE"
  },
  "execution_status": {
    "execution_ready": false,
    "reason_blocked": "Second system missing (SSID-open-core empty)",
    "prerequisites_met": 0,
    "status": "BLOCKED"
  },
  "cryptographic_proofs": {
    "algorithm": "SHA-512",
    "combined_hash": "0f31b71b93d5ecedcf588e21be70788c18a25f120a875f9668a4d8f5ae587f939fbf27d5e965d44a776687860e008b0278081dd57879f340557485d20cc1dd0d",
    "artifact_count": 10,
    "hash_registry": "02_audit_logging/reports/meta_interfederation_spec_hashes.json"
  },
  "certification": {
    "spec_complete": true,
    "execution_blocked": true,
    "cert_authority": "SSID Codex Engine v11.0",
    "reproducible": true,
    "cost_usd": 0.0
  },
  "next_phase": {
    "phase": "OpenCore Bootstrap",
    "requirements": [
      "Build OpenCore 24 root modules",
      "Certify OpenCore with Root-24-LOCK >= 95",
      "Generate OpenCore Merkle root and PQC proofs",
      "Establish OpenCore SoT definitions"
    ],
    "estimated_transition": "TBD"
  }
}