{
  "version": "10.0.0",
  "certification_date": "2025-10-12T19:57:24.560205",
  "mode": "KNOWLEDGE_INTEGRITY_CERTIFICATION",
  "phases_completed": [
    {
      "phase": 1,
      "name": "Epistemic Mapping Engine",
      "status": "SUCCESS"
    },
    {
      "phase": 2,
      "name": "Policy & Validation Rules",
      "status": "SUCCESS"
    },
    {
      "phase": 3,
      "name": "PQC Proof Chain Generation",
      "status": "SUCCESS"
    },
    {
      "phase": 4,
      "name": "Self-Validation Loop",
      "status": "SUCCESS"
    }
  ],
  "final_scores": {
    "epistemic_score": 100.0,
    "self_validation_status": "TRUTH_CONFORMANT",
    "root_24_lock_score": 100,
    "continuum_score": 100.0,
    "policy_compliance": 100.0
  },
  "status": "TRUTH_CONFORMANT"
}