{
  "version": "10.0.0",
  "transition_date": "2025-10-12T18:13:56.068594+00:00",
  "from_version": "9.0.0",
  "to_version": "10.0.0",
  "transition_type": "AUTOPOIETIC_CONTINUUM",
  "base_certification": {
    "merkle_root_sha256": "a7166bcf0f9b36a055ded508f91f3bd7e16a499f92dce458ae731b697fd84309",
    "merkle_root_sha512": "5b831181d73b1ed041a5c6a05059e3e350f42dd9d65a1020bd41ba9a7faa9840",
    "v9_score": 100,
    "v9_status": "LOCKED_AND_CERTIFIED",
    "violations": 0
  },
  "continuum_capabilities": {
    "autopoietic_validation": true,
    "epistemic_proof_chain": true,
    "reflexive_autonomy": true,
    "policy_continuity": true,
    "self_healing": true,
    "mutation_detection": true
  },
  "root_modules_state": {
    "total_modules": 24,
    "validated_modules": 24,
    "module_status": "ALL_OPERATIONAL"
  },
  "proof_chain_layers": {
    "layer_0_structure": "VALIDATED",
    "layer_1_policies": "VALIDATED",
    "layer_2_tests": "VALIDATED",
    "layer_3_audit": "VALIDATED",
    "layer_4_merkle": "VALIDATED",
    "layer_5_pqc": "VALIDATED",
    "layer_6_continuum": "INITIALIZING"
  },
  "operational_mode": "CONTINUUM_READY",
  "immutable": false,
  "deterministic": true,
  "reproducible": true,
  "cost_usd": 0.0
}