{
  "$schema": "https://json-schema.org/draft/2020-12/schema",
  "$id": "https://ssid.example/schemas/health_document.json",
  "title": "Krankenakte, Rezepte Document",
  "description": "Schema for health documents in SSID system",
  "type": "object",
  "required": ["id", "data_hash"],
  "properties": {
    "id": {
      "type": "string",
      "format": "uuid",
      "description": "Unique document identifier"
    },
    "data_hash": {
      "$ref": "#/$defs/Hash",
      "description": "SHA3-256 hash of document content"
    },
    "metadata_hash": {
      "$ref": "#/$defs/Hash",
      "description": "SHA3-256 hash of metadata"
    },
    "created_at": {
      "type": "string",
      "format": "date-time",
      "description": "Document creation timestamp"
    },
    "updated_at": {
      "type": "string",
      "format": "date-time",
      "description": "Last update timestamp"
    },
    "version": {
      "type": "integer",
      "minimum": 1,
      "description": "Document version number"
    }
  },
  "additionalProperties": false,
  "$defs": {
    "Hash": {
      "type": "string",
      "pattern": "^[a-f0-9]{64}$",
      "minLength": 64,
      "maxLength": 64,
      "description": "SHA3-256 hash (64 hex characters)"
    }
  },
  "examples": [
    {
      "id": "550e8400-e29b-41d4-a716-446655440000",
      "data_hash": "82d48840080dade22a739dce2c943c9397072120eaf54d92a51851853ca7a51c",
      "metadata_hash": "4bc526cdf338591bfa9492f2ed8d8f7fa24ea306fd7068ebe99dd15ff5104c57",
      "created_at": "2025-10-05T15:29:16.202995Z",
      "updated_at": "2025-10-05T15:29:16.202995Z",
      "version": 1
    }
  ]
}
