{
  "manifest_version": "1.0.0",
  "blueprint_version": "v4.4.0-functional-expansion",
  "archive_name": "SSID_Readiness_Archive_v4.4_2025-Q4.zip",
  "created_timestamp": "2025-10-11T20:36:57.625793+00:00",
  "certification_type": "MAXIMALSTAND_READINESS_VERIFICATION",
  "certification_date": "2025-10-11",
  "contents": {
    "certification": [
      {
        "file": "FINAL_CERTIFICATION.md",
        "hash": "92beb91ca593b85e8f585a91212530725fff6281aa4677ae3f7c01fdef7d4afe",
        "size": 13229
      },
      {
        "file": "VERIFICATION_SUMMARY.md",
        "hash": "42dc5769b2192d3c008c08f15139ec0b8211e23fb287fefdda1e87ea12ee61b8",
        "size": 6383
      },
      {
        "file": "PROOF_CHAIN.json",
        "hash": "c825e2187c03eac9d385bca67507ba82047449512c5972c94a6c15166111a5ae",
        "size": 2845
      }
    ],
    "reports": [
      {
        "file": "READINESS_VERIFICATION_REPORT_Q4_2025.md",
        "hash": "296129d39b38f70b448d62045fb6b439cff63e9a9c570b7cfdfe25c963ef63fd",
        "size": 25235
      },
      {
        "file": "readiness_compliance_matrix.json",
        "hash": "80030b86c454a38f387290c6fdcf7c847ccfc7d5f3d7636875aba7c5b61c79f3",
        "size": 1718
      },
      {
        "file": "root24_integrity_report.json",
        "hash": "db410fffbaa2910d58d46ad180923d609ad85bbe27797974bb6d1b33d21eb4af",
        "size": 2844
      }
    ],
    "registry": [
      {
        "file": "readiness_proof_shadow.json",
        "hash": "8a12f8b82444312c49eebcbc4b75cc95c2a87583399945a07b94c109daf10aa5",
        "size": 2013
      },
      {
        "file": "registry_events.log",
        "hash": "a687d3a5228503c59a8842c7c4f7cc5f0e8c695faad3fec49ab622c19f283642",
        "size": 2330
      }
    ]
  },
  "proof_chain": {
    "registry_event_proof_anchor": "e4e967a292d19096d2ecf406f6f7f22791a5948dd529e53e7778b6a1642581bf",
    "evidence_merkle_root": "d1f385e1fb95a07691b698c08ec51bc961f171fe7f9f9153b1061172a57e191a",
    "shadow_proof_merkle_root": "0b7d38551cece20a01da0c038cda7c4390e4db05fa605f2daebd09b862612bf0"
  },
  "compliance_summary": {
    "overall_score": 99.375,
    "status": "PASS",
    "root_24_lock": "PASS (24/24)",
    "regulatory_compliance": "100% (GDPR, eIDAS, MiCA, DORA, AMLD6)"
  },
  "git_deployment": {
    "commit": "0bf5ad7",
    "tag": "v4.4-readiness-verification",
    "branch": "main",
    "repository": "https://github.com/EduBrainBoost/SSID"
  },
  "summary": {
    "total_files": 8,
    "total_size_bytes": 56597,
    "total_size_kb": 55.27
  }
}