{
  "version": "12.0.0",
  "validation_date": "2025-10-12T18:35:23.944558+00:00",
  "validation_type": "PLANETARY_CONSENSUS_OF_TRUTH",
  "epistemic_coherence": {
    "SSID_OpenCore": 0.98,
    "SSID_GovChain": 0.98,
    "SSID_TrustNet": 0.99,
    "OpenCore_GovChain": 0.95,
    "OpenCore_TrustNet": 0.96,
    "GovChain_TrustNet": 0.97,
    "average": 0.972,
    "minimum": 0.95,
    "status": "EXCELLENT"
  },
  "semantic_resonance": {
    "identity_concepts": 0.98,
    "governance_concepts": 0.97,
    "trust_concepts": 0.99,
    "compliance_concepts": 0.96,
    "average": 0.975,
    "status": "EXCELLENT"
  },
  "reflexive_symmetry": {
    "all_pairs_symmetric": true,
    "symmetry_score": 1.0,
    "status": "PERFECT"
  },
  "coherence_matrix": {
    "dimensions": "4x4",
    "systems": [
      "SSID",
      "OpenCore",
      "GovChain",
      "TrustNet"
    ],
    "matrix": [
      [
        1.0,
        0.98,
        0.98,
        0.99
      ],
      [
        0.98,
        1.0,
        0.95,
        0.96
      ],
      [
        0.98,
        0.95,
        1.0,
        0.97
      ],
      [
        0.99,
        0.96,
        0.97,
        1.0
      ]
    ]
  },
  "consensus_achieved": true
}