{
  "version": "11.0.0",
  "initialization_date": "2025-10-12T18:24:07.401336+00:00",
  "framework_type": "META_CONTINUUM_INTERFEDERATION",
  "base_system": {
    "id": "SSID",
    "version": "10.0.0",
    "merkle_root_sha256": "a7166bcf0f9b36a055ded508f91f3bd7e16a499f92dce458ae731b697fd84309",
    "status": "CONTINUUM_ACTIVE",
    "root_modules": 24,
    "capabilities": [
      "autopoietic",
      "epistemic",
      "reflexive"
    ]
  },
  "partner_systems": {
    "OpenCore": {
      "id": "OpenCore-Meta-v3",
      "type": "Open-Source Governance Framework",
      "trust_level": "VERIFIED",
      "interfederation_status": "ACTIVE",
      "ontology_compatibility": 95.0,
      "semantic_alignment": "HIGH",
      "proof_exchange_protocol": "SHA-512-PQC-Hybrid",
      "capabilities": [
        "governance",
        "transparency",
        "audit"
      ]
    },
    "GovChain": {
      "id": "GovChain-Public-v2",
      "type": "Government Blockchain Network",
      "trust_level": "VERIFIED",
      "interfederation_status": "ACTIVE",
      "ontology_compatibility": 92.0,
      "semantic_alignment": "HIGH",
      "proof_exchange_protocol": "SHA-512-PQC-Hybrid",
      "capabilities": [
        "regulatory",
        "identity",
        "compliance"
      ]
    },
    "TrustNet": {
      "id": "TrustNet-Federation-v4",
      "type": "Decentralized Trust Network",
      "trust_level": "VERIFIED",
      "interfederation_status": "ACTIVE",
      "ontology_compatibility": 97.0,
      "semantic_alignment": "VERY_HIGH",
      "proof_exchange_protocol": "SHA-512-PQC-Hybrid",
      "capabilities": [
        "trust_scoring",
        "reputation",
        "verification"
      ]
    }
  },
  "interfederation_protocols": {
    "proof_exchange": "Bidirectional PQC-signed merkle proofs",
    "semantic_bridge": "Ontology mapping with RDF/OWL",
    "trust_model": "Reflexive mutual validation",
    "consensus": "Byzantine fault tolerant co-truth",
    "cryptography": "CRYSTALS-Dilithium3 + Kyber768"
  },
  "cross_registry_graph": {
    "nodes": 4,
    "edges": 6,
    "graph_type": "FULLY_CONNECTED",
    "relationships": [
      {
        "from": "SSID",
        "to": "OpenCore",
        "type": "MUTUAL_PROOF",
        "strength": 0.95
      },
      {
        "from": "SSID",
        "to": "GovChain",
        "type": "MUTUAL_PROOF",
        "strength": 0.92
      },
      {
        "from": "SSID",
        "to": "TrustNet",
        "type": "MUTUAL_PROOF",
        "strength": 0.97
      },
      {
        "from": "OpenCore",
        "to": "GovChain",
        "type": "CROSS_REFERENCE",
        "strength": 0.88
      },
      {
        "from": "OpenCore",
        "to": "TrustNet",
        "type": "CROSS_REFERENCE",
        "strength": 0.9
      },
      {
        "from": "GovChain",
        "to": "TrustNet",
        "type": "CROSS_REFERENCE",
        "strength": 0.91
      }
    ]
  },
  "ontology_interfaces": {
    "identity_concepts": [
      "DID",
      "VC",
      "VP",
      "Profile",
      "Credential"
    ],
    "trust_concepts": [
      "Reputation",
      "Score",
      "Attestation",
      "Proof"
    ],
    "governance_concepts": [
      "Policy",
      "Compliance",
      "Audit",
      "Registry"
    ],
    "semantic_mappings": "OWL/RDF ontology alignment active"
  },
  "co_truth_spaces": {
    "enabled": true,
    "bidirectional_validation": true,
    "reflexive_symmetry": true,
    "epistemic_equivalence": true
  },
  "status": "INITIALIZED",
  "operational_ready": true
}