{
  "manifest_version": "1.0.0",
  "blueprint_version": "v4.4.0",
  "timestamp": "2025-10-11T20:07:59.781420+00:00",
  "proof_type": "readiness_verification_shadow",
  "simulation_mode": true,
  "anchored": false,
  "ipfs_cid": null,
  "blockchain_anchor": null,
  "merkle_tree": {
    "root_hash": "0b7d38551cece20a01da0c038cda7c4390e4db05fa605f2daebd09b862612bf0",
    "total_leaves": 5,
    "algorithm": "SHA256",
    "timestamp": "2025-10-11T20:07:59.781429+00:00"
  },
  "reports": [
    {
      "file": "02_audit_logging/reports/root24_integrity_report.json",
      "hash": "db410fffbaa2910d58d46ad180923d609ad85bbe27797974bb6d1b33d21eb4af",
      "size": 2844,
      "timestamp": "2025-10-11T20:07:59.740795+00:00"
    },
    {
      "file": "23_compliance/reports/telemetry_validation_report.json",
      "hash": "9d356ee012c868dbde80af66f62a87aeba8afe51f9d62f55411a5e978331ffb3",
      "size": 1174,
      "timestamp": "2025-10-11T20:07:59.751965+00:00"
    },
    {
      "file": "23_compliance/reports/federation_validation_report.json",
      "hash": "dbceb9622b188c06f1761b7af103eeb4bc721d62e0f910db34c7941c185f0486",
      "size": 384,
      "timestamp": "2025-10-11T20:07:59.760376+00:00"
    },
    {
      "file": "23_compliance/reports/readiness_compliance_matrix.json",
      "hash": "80030b86c454a38f387290c6fdcf7c847ccfc7d5f3d7636875aba7c5b61c79f3",
      "size": 1718,
      "timestamp": "2025-10-11T20:07:59.770131+00:00"
    },
    {
      "file": "05_documentation/reports/2025-Q4/READINESS_VERIFICATION_REPORT_Q4_2025.md",
      "hash": "296129d39b38f70b448d62045fb6b439cff63e9a9c570b7cfdfe25c963ef63fd",
      "size": 25235,
      "timestamp": "2025-10-11T20:07:59.781302+00:00"
    }
  ],
  "verification_event": {
    "event_type": "blueprint_v4.4_readiness_verification",
    "version": "v4.4.0",
    "timestamp": "2025-10-11T19:59:33Z",
    "proof_anchor": "e4e967a292d19096d2ecf406f6f7f22791a5948dd529e53e7778b6a1642581bf"
  }
}