{
  "$schema": "https://json-schema.org/draft/2020-12/schema",
  "$id": "https://ssid.example/schemas/communication_document.json",
  "title": "Nachrichten, APIs Document",
  "description": "Schema for communication documents in SSID system",
  "type": "object",
  "required": ["id", "data_hash"],
  "properties": {
    "id": {
      "type": "string",
      "format": "uuid",
      "description": "Unique document identifier"
    },
    "data_hash": {
      "$ref": "#/$defs/Hash",
      "description": "SHA3-256 hash of document content"
    },
    "metadata_hash": {
      "$ref": "#/$defs/Hash",
      "description": "SHA3-256 hash of metadata"
    },
    "created_at": {
      "type": "string",
      "format": "date-time",
      "description": "Document creation timestamp"
    },
    "updated_at": {
      "type": "string",
      "format": "date-time",
      "description": "Last update timestamp"
    },
    "version": {
      "type": "integer",
      "minimum": 1,
      "description": "Document version number"
    }
  },
  "additionalProperties": false,
  "$defs": {
    "Hash": {
      "type": "string",
      "pattern": "^[a-f0-9]{64}$",
      "minLength": 64,
      "maxLength": 64,
      "description": "SHA3-256 hash (64 hex characters)"
    }
  },
  "examples": [
    {
      "id": "550e8400-e29b-41d4-a716-446655440000",
      "data_hash": "fcd95e1c72a101aafb1ac8a5230cca62fb0e1307e2a6eaa88219776d53e5eb5e",
      "metadata_hash": "d744077b507de6337f402cefe751c055cdda618a7b22086efcd77a3eb97488a4",
      "created_at": "2025-10-05T15:29:16.202995Z",
      "updated_at": "2025-10-05T15:29:16.202995Z",
      "version": 1
    }
  ]
}
